# schema=1; units: x_mm/y_mm in millimetres, pin mating-face view; generated by scripts/data-build/import-38999.ts (edit research data and re-run, or edit here and set status=verified)
arrangement,shell_size,insert,contact_count,sizes,service_rating,status,inactive,incomplete,special,source,notes
9-3,9,3,3,20:3,M,unreviewed,false,false,,"MIL-STD-1560C Change 3, PDF p20",
9-6,9,6,6,22D:6,M,unreviewed,true,false,,"MIL-STD-1560C Change 3, PDF p21",
9-7,9,7,2,22D:2,M,unreviewed,false,true,,"MIL-STD-1560C Change 3, PDF p22","1 coordinate(s) outside the insert looked like mm values; converted | table lists 7 contacts but 2 coordinates were extracted (marked incomplete, excluded from the catalog build)"
9-23,9,23,9,23:9,N,unreviewed,false,false,,"MIL-STD-1560C Change 3, PDF p23",
9-35,9,35,6,22D:6,M,verified,false,false,,"MIL-STD-1560C Change 3 Figure 1, p19",
9-44,9,44,4,22D:4,M,unreviewed,true,false,,"MIL-STD-1560C Change 3, PDF p25",
9-98,9,98,3,20:3,I,unreviewed,false,false,,"MIL-STD-1560C Change 3, PDF p26",
11-2,11,2,2,16:2,I,unreviewed,false,false,,"MIL-STD-1560C Change 3, PDF p27",
11-4,11,4,4,20:4,I,unreviewed,false,false,,"MIL-STD-1560C Change 3, PDF p28",
11-5,11,5,5,20:5,I,unreviewed,false,false,,"MIL-STD-1560C Change 3, PDF p29",
11-13,11,13,13,22D:13,M,unreviewed,true,false,,"MIL-STD-1560C Change 3, PDF p30",
11-23,11,23,19,23:19,N,unreviewed,false,false,,"MIL-STD-1560C Change 3, PDF p31",
11-35,11,35,13,22D:13,M,unreviewed,false,false,,"MIL-STD-1560C Change 3, PDF p32",
11-98,11,98,6,20:6,I,unreviewed,false,false,,"MIL-STD-1560C Change 3, PDF p33",
11-99,11,99,7,20:7,I,unreviewed,false,false,,"MIL-STD-1560C Change 3, PDF p34",
13-4,13,4,4,16:4,I,unreviewed,false,false,,"MIL-STD-1560C Change 3, PDF p35",
13-8,13,8,8,20:8,I,unreviewed,false,false,,"MIL-STD-1560C Change 3, PDF p36",
13-22,13,22,22,22D:22,M,unreviewed,true,false,,"MIL-STD-1560C Change 3, PDF p37",
13-23,13,23,32,23:32,N,unreviewed,false,false,,"MIL-STD-1560C Change 3, PDF p39",
13-35,13,35,22,22D:22,M,unreviewed,false,false,,"MIL-STD-1560C Change 3, PDF p40",
13-98,13,98,10,20:10,I,unreviewed,false,false,,"MIL-STD-1560C Change 3, PDF p41",
15-5,15,5,5,16:5,II,unreviewed,false,false,,"MIL-STD-1560C Change 3, PDF p42",
15-15,15,15,15,16:1;20:14,,unreviewed,false,false,,"MIL-STD-1560C Change 3, PDF p43",
15-18,15,18,18,20:18,I,unreviewed,false,false,,"MIL-STD-1560C Change 3, PDF p44",
15-19,15,19,19,20:19,I,unreviewed,false,false,,"MIL-STD-1560C Change 3, PDF p45",
15-21,15,21,21,12:1;20:3;22D:17,,unreviewed,false,false,1x Coax (size 12),"MIL-STD-1560C Change 3, PDF p46",special contacts: 1x Coax (size 12) (coax/twinax contacts are Phase 2)
15-23,15,23,55,23:55,N,unreviewed,false,false,,"MIL-STD-1560C Change 3, PDF p48/49",
15-35,15,35,37,22D:37,M,unreviewed,false,false,,"MIL-STD-1560C Change 3, PDF p50/51",
15-37,15,37,37,22D:37,M,unreviewed,true,false,,"MIL-STD-1560C Change 3, PDF p52/53",
15-97,15,97,12,16:4;20:8,,unreviewed,false,false,,"MIL-STD-1560C Change 3, PDF p54",
17-2,17,2,39,8:1;22D:38,M,unreviewed,true,false,1x Twinax (size 8),"MIL-STD-1560C Change 3, PDF p55/56",special contacts: 1x Twinax (size 8) (coax/twinax contacts are Phase 2)
17-3,17,3,39,8:1;22D:38,M,unreviewed,false,false,1x Twinax (size 8),"MIL-STD-1560C Change 3, PDF p57/58",special contacts: 1x Twinax (size 8) (coax/twinax contacts are Phase 2)
17-6,17,6,6,12:6,I,unreviewed,false,false,,"MIL-STD-1560C Change 3, PDF p59",
17-8,17,8,8,16:8,II,unreviewed,false,false,,"MIL-STD-1560C Change 3, PDF p60",
17-11,17,11,11,12:3;20:8,N,unreviewed,false,false,1x Coax (size 12); 2x Twinax (size 12),"MIL-STD-1560C Change 3, PDF p61","mixed contact sizes assigned by spacing heuristic (locations not parsed) | special contacts: 1x Coax (size 12), 2x Twinax (size 12) (coax/twinax contacts are Phase 2)"
17-23,17,23,73,23:73,N,unreviewed,false,false,,"MIL-STD-1560C Change 3, PDF p62/63",
17-26,17,26,26,20:26,I,unreviewed,false,false,,"MIL-STD-1560C Change 3, PDF p64",
17-35,17,35,55,22D:55,M,unreviewed,false,false,,"MIL-STD-1560C Change 3, PDF p65/66",
17-55,17,55,55,22D:55,M,unreviewed,true,false,,"MIL-STD-1560C Change 3, PDF p67/68",
17-99,17,99,23,16:2;20:21,,unreviewed,false,false,,"MIL-STD-1560C Change 3, PDF p69",
19-11,19,11,11,16:11,II,unreviewed,false,false,,"MIL-STD-1560C Change 3, PDF p70",
19-18,19,18,18,22D:18,,unreviewed,true,false,,"MIL-STD-1560C Change 3, PDF p71",size table not found; sizes guessed | contact sizes not parsed; assumed all 22D
19-19,19,19,18,8:4;22D:14,,unreviewed,false,false,4x Twinax (size 8),"MIL-STD-1560C Change 3, PDF p72",mixed contact sizes assigned by spacing heuristic (locations not parsed) | special contacts: 4x Twinax (size 8) (coax/twinax contacts are Phase 2)
19-23,19,23,87,23:87,N,unreviewed,false,true,,"MIL-STD-1560C Change 3, PDF p73/74/75","table lists 88 contacts but 87 coordinates were extracted (marked incomplete, excluded from the catalog build)"
19-28,19,28,28,16:2;20:26,,unreviewed,false,false,,"MIL-STD-1560C Change 3, PDF p76",
19-30,19,30,30,16:1;20:29,,unreviewed,false,false,,"MIL-STD-1560C Change 3, PDF p77",
19-32,19,32,32,20:32,I,unreviewed,false,false,,"MIL-STD-1560C Change 3, PDF p78",
19-35,19,35,66,22D:66,M,unreviewed,false,false,,"MIL-STD-1560C Change 3, PDF p79/80",
19-45,19,45,67,22D:67,M,unreviewed,false,false,,"MIL-STD-1560C Change 3, PDF p81/82",
19-66,19,66,66,22D:66,M,unreviewed,true,false,,"MIL-STD-1560C Change 3, PDF p83/84",
19-67,19,67,67,22D:67,M,unreviewed,true,false,,"MIL-STD-1560C Change 3, PDF p85/86",
21-1,21,1,79,22D:79,M,unreviewed,true,false,,"MIL-STD-1560C Change 3, PDF p87/88",
21-11,21,11,11,12:11,I,unreviewed,false,false,,"MIL-STD-1560C Change 3, PDF p89",
21-16,21,16,16,16:16,II,unreviewed,false,false,,"MIL-STD-1560C Change 3, PDF p90",
21-23,21,23,121,23:121,N,unreviewed,false,false,,"MIL-STD-1560C Change 3, PDF p91/92/93",
21-24,21,24,24,20:24,I,unreviewed,false,false,,"MIL-STD-1560C Change 3, PDF p94",
21-25,21,25,25,20:25,I,unreviewed,false,false,,"MIL-STD-1560C Change 3, PDF p95",
21-27,21,27,27,20:27,I,unreviewed,false,false,,"MIL-STD-1560C Change 3, PDF p96",
21-29,21,29,26,12:4;16:4;20:18,I,unreviewed,false,true,,"MIL-STD-1560C Change 3, PDF p97","table lists 27 contacts but 26 coordinates were extracted (marked incomplete, excluded from the catalog build) | mixed contact sizes assigned by spacing heuristic (locations not parsed)"
21-35,21,35,79,22D:79,M,unreviewed,false,false,,"MIL-STD-1560C Change 3, PDF p99/100",
21-39,21,39,39,16:2;20:37,,unreviewed,false,false,,"MIL-STD-1560C Change 3, PDF p101/102",
21-41,21,41,41,20:41,I,unreviewed,false,false,,"MIL-STD-1560C Change 3, PDF p104",
21-75,21,75,4,22D:4,,unreviewed,true,false,,"MIL-STD-1560C Change 3, PDF p105",contact sizes not parsed; assumed all 22D
21-76,21,76,4,22D:4,,unreviewed,false,false,,"MIL-STD-1560C Change 3, PDF p106",contact sizes not parsed; assumed all 22D
23-1,23,1,100,22D:100,M,unreviewed,true,false,,"MIL-STD-1560C Change 3, PDF p107/108/109",
23-2,23,2,85,22D:85,M,unreviewed,true,false,,"MIL-STD-1560C Change 3, PDF p110/111",
23-21,23,21,21,16:21,II,unreviewed,false,false,,"MIL-STD-1560C Change 3, PDF p112",
23-23,23,23,151,23:151,N,unreviewed,false,false,,"MIL-STD-1560C Change 3, PDF p113/114/115/116",
23-32,23,32,31,20:31,I,unreviewed,false,true,,"MIL-STD-1560C Change 3, PDF p117","table lists 32 contacts but 31 coordinates were extracted (marked incomplete, excluded from the catalog build)"
23-34,23,34,34,20:34,I,unreviewed,false,false,,"MIL-STD-1560C Change 3, PDF p118",
23-35,23,35,100,22D:100,M,unreviewed,false,false,,"MIL-STD-1560C Change 3, PDF p119/120/121",
23-36,23,36,36,20:36,I,unreviewed,false,false,,"MIL-STD-1560C Change 3, PDF p122/123",
23-53,23,53,45,20:45,I,unreviewed,false,true,,"MIL-STD-1560C Change 3, PDF p124/125","table lists 53 contacts but 45 coordinates were extracted (marked incomplete, excluded from the catalog build)"
23-55,23,55,46,20:46,I,unreviewed,false,true,,"MIL-STD-1560C Change 3, PDF p126/127","table lists 55 contacts but 46 coordinates were extracted (marked incomplete, excluded from the catalog build)"
23-97,23,97,16,16:16,I,unreviewed,false,false,,"MIL-STD-1560C Change 3, PDF p128",
23-99,23,99,11,16:11,II,unreviewed,false,false,,"MIL-STD-1560C Change 3, PDF p129",
25-1,25,1,128,22D:128,M,unreviewed,true,false,,"MIL-STD-1560C Change 3, PDF p130/131/132",
25-2,25,2,100,22D:100,M,unreviewed,true,false,,"MIL-STD-1560C Change 3, PDF p133/134/135",
25-4,25,4,45,16:8;20:37,,unreviewed,false,true,,"MIL-STD-1560C Change 3, PDF p136/137","table lists 56 contacts but 45 coordinates were extracted (marked incomplete, excluded from the catalog build) | mixed contact sizes assigned by spacing heuristic (locations not parsed)"
25-7,25,7,99,8:2;22D:97,M,unreviewed,true,false,2x Twinax (size 8),"MIL-STD-1560C Change 3, PDF p138/139/140",special contacts: 2x Twinax (size 8) (coax/twinax contacts are Phase 2)
25-8,25,8,8,8:8,,unreviewed,true,false,8x Twinax (size 8),"MIL-STD-1560C Change 3, PDF p141",special contacts: 8x Twinax (size 8) (coax/twinax contacts are Phase 2)
25-9,25,9,99,8:2;22D:97,M,unreviewed,false,false,2x Twinax (size 8),"MIL-STD-1560C Change 3, PDF p142/143/144",special contacts: 2x Twinax (size 8) (coax/twinax contacts are Phase 2)
25-10,25,10,8,8:8,,unreviewed,false,false,8x Twinax (size 8),"MIL-STD-1560C Change 3, PDF p145",special contacts: 8x Twinax (size 8) (coax/twinax contacts are Phase 2)
25-11,25,11,11,10:9;20:2,,unreviewed,false,false,,"MIL-STD-1560C Change 3, PDF p146",
25-19,25,19,19,12:19,I,unreviewed,false,false,,"MIL-STD-1560C Change 3, PDF p147",
25-20,25,20,30,8:3;12:4;16:13;20:10,,unreviewed,false,false,3x Twinax (size 8); 4x Coax (size 12),"MIL-STD-1560C Change 3, PDF p148/149","mixed contact sizes assigned by spacing heuristic (locations not parsed) | special contacts: 3x Twinax (size 8), 4x Coax (size 12) (coax/twinax contacts are Phase 2)"
25-21,25,21,30,8:3;12:4;16:13;20:10,,unreviewed,false,false,3x Twinax (size 8); 4x Coax (size 12),"MIL-STD-1560C Change 3, PDF p150/151","mixed contact sizes assigned by spacing heuristic (locations not parsed) | special contacts: 3x Twinax (size 8), 4x Coax (size 12) (coax/twinax contacts are Phase 2)"
25-23,25,23,187,23:187,N,unreviewed,false,false,,"MIL-STD-1560C Change 3, PDF p152/153/154/155/156",
25-24,25,24,24,12:12;16:12,I,unreviewed,false,false,,"MIL-STD-1560C Change 3, PDF p157",mixed contact sizes assigned by spacing heuristic (locations not parsed)
25-29,25,29,29,16:29,I,unreviewed,false,false,,"MIL-STD-1560C Change 3, PDF p158",
25-35,25,35,128,22D:128,M,unreviewed,false,false,,"MIL-STD-1560C Change 3, PDF p159/160/161",
25-37,25,37,37,16:37,II,unreviewed,false,false,,"MIL-STD-1560C Change 3, PDF p162/163",cavities C and H share a position (possible lost sign)
25-43,25,43,43,16:20;20:23,,unreviewed,false,false,,"MIL-STD-1560C Change 3, PDF p164/165",mixed contact sizes assigned by spacing heuristic (locations not parsed)
25-46,25,46,45,16:4;20:41,,unreviewed,true,false,,"MIL-STD-1560C Change 3, PDF p166/167",table lists 44 contacts but 45 coordinates were extracted | mixed contact sizes assigned by spacing heuristic (locations not parsed)
25-47,25,47,45,16:4;20:41,,unreviewed,false,false,,"MIL-STD-1560C Change 3, PDF p168/169",table lists 44 contacts but 45 coordinates were extracted | mixed contact sizes assigned by spacing heuristic (locations not parsed)
25-61,25,61,47,20:47,I,unreviewed,false,true,,"MIL-STD-1560C Change 3, PDF p170/171","table lists 61 contacts but 47 coordinates were extracted (marked incomplete, excluded from the catalog build)"
25-90,25,90,45,8:2;16:4;20:39,,unreviewed,true,true,2x Twinax (size 8),"MIL-STD-1560C Change 3, PDF p172/173","table lists 46 contacts but 45 coordinates were extracted (marked incomplete, excluded from the catalog build) | mixed contact sizes assigned by spacing heuristic (locations not parsed) | special contacts: 2x Twinax (size 8) (coax/twinax contacts are Phase 2)"
25-91,25,91,45,8:2;16:4;20:39,,unreviewed,false,true,2x Twinax (size 8),"MIL-STD-1560C Change 3, PDF p174/175","table lists 46 contacts but 45 coordinates were extracted (marked incomplete, excluded from the catalog build) | mixed contact sizes assigned by spacing heuristic (locations not parsed) | special contacts: 2x Twinax (size 8) (coax/twinax contacts are Phase 2)"
