# schema=1; tie-down and support hardware (customer-installed clamps shown on drawing)
pn,type,description,min_dia_mm,max_dia_mm
MS21919WDG2,cushionClamp,"Cushion clamp, 2/16 in (3.2 mm)",0.8,3.2
MS21919WDG4,cushionClamp,"Cushion clamp, 4/16 in (6.3 mm)",4,6.3
MS21919WDG6,cushionClamp,"Cushion clamp, 6/16 in (9.5 mm)",7.1,9.5
MS21919WDG8,cushionClamp,"Cushion clamp, 8/16 in (12.7 mm)",10.3,12.7
MS21919WDG10,cushionClamp,"Cushion clamp, 10/16 in (15.9 mm)",13.5,15.9
MS21919WDG12,cushionClamp,"Cushion clamp, 12/16 in (19.0 mm)",16.7,19
MS21919WDG14,cushionClamp,"Cushion clamp, 14/16 in (22.2 mm)",19.8,22.2
MS21919WDG16,cushionClamp,"Cushion clamp, 16/16 in (25.4 mm)",23,25.4
MS21919WDG18,cushionClamp,"Cushion clamp, 18/16 in (28.6 mm)",26.2,28.6
MS21919WDG20,cushionClamp,"Cushion clamp, 20/16 in (31.8 mm)",29.4,31.8
MS21919WDG22,cushionClamp,"Cushion clamp, 22/16 in (34.9 mm)",32.5,34.9
MS21919WDG24,cushionClamp,"Cushion clamp, 24/16 in (38.1 mm)",35.7,38.1
MS21919WDG26,cushionClamp,"Cushion clamp, 26/16 in (41.3 mm)",38.9,41.3
MS21919WDG28,cushionClamp,"Cushion clamp, 28/16 in (44.4 mm)",42.1,44.4
MS21919WDG30,cushionClamp,"Cushion clamp, 30/16 in (47.6 mm)",45.2,47.6
MS21919WDG32,cushionClamp,"Cushion clamp, 32/16 in (50.8 mm)",48.4,50.8
A-A-52081-C-2,spotTie,"Spot tie, lacing tape, polyester",1,80
A-A-52081-C-2,lacing,"Continuous lacing, polyester tape",1,80
