# schema=1; mm; accessory_id_mm = rear accessory bore A max (MIL-DTL-38999N Fig. 10); shell_od_mm = /26 coupling nut B max
code,shell_size,accessory_id_mm,shell_od_mm,accessory_thread,status,source
A,9,7.59,18.6,M12x1.0,verified,MIL-DTL-38999N Fig. 10; MIL-DTL-38999/26 Fig. 1
B,11,10.85,21.3,M15x1.0,verified,MIL-DTL-38999N Fig. 10; MIL-DTL-38999/26 Fig. 1
C,13,13.74,25.6,M18x1.0,verified,MIL-DTL-38999N Fig. 10; MIL-DTL-38999/26 Fig. 1
D,15,16.92,28.9,M22x1.0,verified,MIL-DTL-38999N Fig. 10; MIL-DTL-38999/26 Fig. 1
E,17,20.09,32.4,M25x1.0,verified,MIL-DTL-38999N Fig. 10; MIL-DTL-38999/26 Fig. 1
F,19,22.78,35.1,M28x1.0,verified,MIL-DTL-38999N Fig. 10; MIL-DTL-38999/26 Fig. 1
G,21,25.96,38.3,M31x1.0,verified,MIL-DTL-38999N Fig. 10; MIL-DTL-38999/26 Fig. 1
H,23,29.13,41.3,M34x1.0,verified,MIL-DTL-38999N Fig. 10; MIL-DTL-38999/26 Fig. 1
J,25,32.31,44.5,M37x1.0,verified,MIL-DTL-38999N Fig. 10; MIL-DTL-38999/26 Fig. 1
