# schema=1; DEMO DATA ONLY: plausible prices (USD; wire/tape/braid per metre, compound per cc) and lead times as of 2026-09-27; never real costs (spec 15.6)
pattern,price_1,price_10,price_100,stock,lead_days,lifecycle,as_of
D38999/26W*,78,68.64,57.72,140,10,active,2026-09-27
D38999/26Z*,92,80.96,68.08,60,21,active,2026-09-27
D38999/26M*,115,101.2,85.1,25,35,active,2026-09-27
D38999/26F*,88,77.44,65.12,0,70,inactive,2026-09-27
D38999/26G*,140,123.2,103.6,12,42,active,2026-09-27
D38999/26*,95,83.6,70.3,40,28,active,2026-09-27
D38999/20W*,84,73.92,62.16,120,10,active,2026-09-27
D38999/20Z*,98,86.24,72.52,50,21,active,2026-09-27
D38999/20*,102,89.76,75.48,30,28,active,2026-09-27
D38999/24W*,96,84.48,71.04,80,14,active,2026-09-27
D38999/24Z*,108,95.04,79.92,30,28,active,2026-09-27
D38999/24*,118,103.84,87.32,20,35,active,2026-09-27
M39029/58*,1.85,1.63,1.37,25000,5,active,2026-09-27
M39029/56*,2.1,1.85,1.55,25000,5,active,2026-09-27
M39029/12*,4.5,3.96,3.33,2000,21,active,2026-09-27
TBD-S10*,6,5.28,4.44,0,42,active,2026-09-27
MS27488*,0.18,0.16,0.13,50000,3,active,2026-09-27
M22759/16*,0.95,0.84,0.7,8000,5,active,2026-09-27
M22759/32*,1.1,0.97,0.81,6000,5,active,2026-09-27
M22759/33*,1.45,1.28,1.07,4000,10,active,2026-09-27
M22759/44*,1.6,1.41,1.18,2000,14,active,2026-09-27
M22759/86*,2.4,2.11,1.78,1500,21,active,2026-09-27
M27500*,4.2,3.7,3.11,1200,14,active,2026-09-27
HSB-SR*,38,33.44,28.12,200,10,active,2026-09-27
HSB-EB*,62,54.56,45.88,120,14,active,2026-09-27
HSB-SH*,55,48.4,40.7,60,21,active,2026-09-27
HSB-PB*,44,38.72,32.56,40,21,active,2026-09-27
D38999/32*,14,12.32,10.36,300,7,active,2026-09-27
D38999/33*,14,12.32,10.36,300,7,active,2026-09-27
D38999/28*,6.5,5.72,4.81,400,7,active,2026-09-27
M25988*,0.9,0.79,0.67,2000,5,active,2026-09-27
HSG-*,7.5,6.6,5.55,300,10,active,2026-09-27
HSL-TP*,0.35,0.31,0.26,5000,5,active,2026-09-27
HSL-SL*,0.9,0.79,0.67,3000,7,active,2026-09-27
HSL-HS*,1.2,1.06,0.89,3000,5,active,2026-09-27
HSL-JK*,4.8,4.22,3.55,800,14,active,2026-09-27
HSL-CV*,1.6,1.41,1.18,1500,7,active,2026-09-27
HSL-OB-TC*,6.5,5.72,4.81,2000,7,active,2026-09-27
HSL-OB-NC*,8.2,7.22,6.07,1200,10,active,2026-09-27
HSL-OB-SS*,11.5,10.12,8.51,600,21,active,2026-09-27
HSL-OB-MF*,14,12.32,10.36,400,28,active,2026-09-27
HSC-BC*,2.1,1.85,1.55,5000,5,active,2026-09-27
HSK-B*,6.5,5.72,4.81,800,10,active,2026-09-27
HSK-T*,9.5,8.36,7.03,400,14,active,2026-09-27
HSM-*,0.3,0.26,0.22,20000,3,active,2026-09-27
M81824*,1.4,1.23,1.04,3000,7,active,2026-09-27
HSS-*,1.1,0.97,0.81,3000,7,active,2026-09-27
HSP-PU*,0.12,0.11,0.09,900,7,active,2026-09-27
HSP-EP*,0.14,0.12,0.1,900,7,active,2026-09-27
HSP-SI*,0.16,0.14,0.12,900,7,active,2026-09-27
HSP-MB*,11,9.68,8.14,200,14,active,2026-09-27
MS21919*,0.85,0.75,0.63,5000,5,active,2026-09-27
A-A-52081*,0.02,0.02,0.01,100000,3,active,2026-09-27
