# schema=1; hookup wire by spec and gauge; OD/mass/resistance nominal (seed, verify against spec sheets); current = single wire in free air
spec,gauge,pn_pattern,od_mm,mass_g_per_m,ohm_per_km,current_a,temp_c,insulation,conductor,colors,machine_ready,status
M22759/16,24,M22759/16-24-{color},1.17,3.3,94.5,5,150,"ETFE, 600 V",tin-coated copper,0-9 + up to 3 stripes,true,seed
M22759/16,22,M22759/16-22-{color},1.32,4.8,57.4,7.5,150,"ETFE, 600 V",tin-coated copper,0-9 + up to 3 stripes,true,seed
M22759/16,20,M22759/16-20-{color},1.55,7.2,34.6,11,150,"ETFE, 600 V",tin-coated copper,0-9 + up to 3 stripes,true,seed
M22759/16,18,M22759/16-18-{color},1.8,10.4,22,16,150,"ETFE, 600 V",tin-coated copper,0-9 + up to 3 stripes,true,seed
M22759/16,16,M22759/16-16-{color},2.06,13.4,15.1,22,150,"ETFE, 600 V",tin-coated copper,0-9 + up to 3 stripes,true,seed
M22759/16,14,M22759/16-14-{color},2.49,20.8,9.18,32,150,"ETFE, 600 V",tin-coated copper,0-9 + up to 3 stripes,true,seed
M22759/16,12,M22759/16-12-{color},3.02,31.8,5.64,41,150,"ETFE, 600 V",tin-coated copper,0-9 + up to 3 stripes,true,seed
M22759/16,10,M22759/16-10-{color},3.81,50.3,3.64,55,150,"ETFE, 600 V",tin-coated copper,0-9 + up to 3 stripes,false,seed
M22759/32,26,M22759/32-26-{color},0.89,1.9,150,3.3,150,"XL-ETFE lightweight, 600 V",tin-coated copper,0-9 + up to 3 stripes,true,seed
M22759/32,24,M22759/32-24-{color},0.99,2.8,94.5,5,150,"XL-ETFE lightweight, 600 V",tin-coated copper,0-9 + up to 3 stripes,true,seed
M22759/32,22,M22759/32-22-{color},1.14,4,57.4,7.5,150,"XL-ETFE lightweight, 600 V",tin-coated copper,0-9 + up to 3 stripes,true,seed
M22759/32,20,M22759/32-20-{color},1.35,6.1,34.6,11,150,"XL-ETFE lightweight, 600 V",tin-coated copper,0-9 + up to 3 stripes,true,seed
M22759/32,18,M22759/32-18-{color},1.57,9.1,22,16,150,"XL-ETFE lightweight, 600 V",tin-coated copper,0-9 + up to 3 stripes,true,seed
M22759/32,16,M22759/32-16-{color},1.83,11.8,15.1,22,150,"XL-ETFE lightweight, 600 V",tin-coated copper,0-9 + up to 3 stripes,true,seed
M22759/32,14,M22759/32-14-{color},2.24,18.6,9.18,32,150,"XL-ETFE lightweight, 600 V",tin-coated copper,0-9 + up to 3 stripes,true,seed
M22759/32,12,M22759/32-12-{color},2.74,28.3,5.64,41,150,"XL-ETFE lightweight, 600 V",tin-coated copper,0-9 + up to 3 stripes,true,seed
M22759/33,26,M22759/33-26-{color},0.89,1.8,159,3.3,200,"XL-ETFE lightweight, 600 V",silver-coated high-strength copper alloy,0-9 + up to 3 stripes,true,seed
M22759/33,24,M22759/33-24-{color},0.99,2.7,99,5,200,"XL-ETFE lightweight, 600 V",silver-coated high-strength copper alloy,0-9 + up to 3 stripes,true,seed
M22759/33,22,M22759/33-22-{color},1.14,3.9,62,7.5,200,"XL-ETFE lightweight, 600 V",silver-coated high-strength copper alloy,0-9 + up to 3 stripes,true,seed
M22759/33,20,M22759/33-20-{color},1.35,6,39,11,200,"XL-ETFE lightweight, 600 V",silver-coated high-strength copper alloy,0-9 + up to 3 stripes,true,seed
M22759/33,18,M22759/33-18-{color},1.57,8.9,24.6,16,200,"XL-ETFE lightweight, 600 V",silver-coated high-strength copper alloy,0-9 + up to 3 stripes,true,seed
M22759/33,16,M22759/33-16-{color},1.83,11.5,16.5,22,200,"XL-ETFE lightweight, 600 V",silver-coated high-strength copper alloy,0-9 + up to 3 stripes,true,seed
M22759/33,14,M22759/33-14-{color},2.24,18.2,10,32,200,"XL-ETFE lightweight, 600 V",silver-coated high-strength copper alloy,0-9 + up to 3 stripes,true,seed
M22759/33,12,M22759/33-12-{color},2.74,27.9,6.3,41,200,"XL-ETFE lightweight, 600 V",silver-coated high-strength copper alloy,0-9 + up to 3 stripes,true,seed
M22759/44,24,M22759/44-24-{color},1.17,3.2,86,5,200,"XL-ETFE normal wall, 600 V",silver-coated copper,0-9 + up to 3 stripes,true,seed
M22759/44,22,M22759/44-22-{color},1.32,4.6,52.8,7.5,200,"XL-ETFE normal wall, 600 V",silver-coated copper,0-9 + up to 3 stripes,true,seed
M22759/44,20,M22759/44-20-{color},1.52,7,33.3,11,200,"XL-ETFE normal wall, 600 V",silver-coated copper,0-9 + up to 3 stripes,true,seed
M22759/44,18,M22759/44-18-{color},1.78,10.1,20.9,16,200,"XL-ETFE normal wall, 600 V",silver-coated copper,0-9 + up to 3 stripes,true,seed
M22759/44,16,M22759/44-16-{color},2.03,13.1,14.1,22,200,"XL-ETFE normal wall, 600 V",silver-coated copper,0-9 + up to 3 stripes,true,seed
M22759/44,14,M22759/44-14-{color},2.44,20.3,8.6,32,200,"XL-ETFE normal wall, 600 V",silver-coated copper,0-9 + up to 3 stripes,true,seed
M22759/44,12,M22759/44-12-{color},2.95,31.2,5.2,41,200,"XL-ETFE normal wall, 600 V",silver-coated copper,0-9 + up to 3 stripes,true,seed
M22759/44,10,M22759/44-10-{color},3.73,49.1,3.3,55,200,"XL-ETFE normal wall, 600 V",silver-coated copper,0-9 + up to 3 stripes,false,seed
M22759/86,26,M22759/86-26-{color},0.84,1.7,136,3.3,200,"PTFE/polyimide tape, 600 V",silver-coated copper,0-9 + up to 3 stripes,true,seed
M22759/86,24,M22759/86-24-{color},0.94,2.6,86,5,200,"PTFE/polyimide tape, 600 V",silver-coated copper,0-9 + up to 3 stripes,true,seed
M22759/86,22,M22759/86-22-{color},1.07,3.8,52.8,7.5,200,"PTFE/polyimide tape, 600 V",silver-coated copper,0-9 + up to 3 stripes,true,seed
M22759/86,20,M22759/86-20-{color},1.27,5.8,33.3,11,200,"PTFE/polyimide tape, 600 V",silver-coated copper,0-9 + up to 3 stripes,true,seed
M22759/86,18,M22759/86-18-{color},1.5,8.7,20.9,16,200,"PTFE/polyimide tape, 600 V",silver-coated copper,0-9 + up to 3 stripes,true,seed
M22759/86,16,M22759/86-16-{color},1.73,11.2,14.1,22,200,"PTFE/polyimide tape, 600 V",silver-coated copper,0-9 + up to 3 stripes,true,seed
M22759/86,14,M22759/86-14-{color},2.13,17.8,8.6,32,200,"PTFE/polyimide tape, 600 V",silver-coated copper,0-9 + up to 3 stripes,true,seed
M22759/86,12,M22759/86-12-{color},2.62,27.3,5.2,41,200,"PTFE/polyimide tape, 600 V",silver-coated copper,0-9 + up to 3 stripes,true,seed
M22759/86,10,M22759/86-10-{color},3.3,44.5,3.3,55,200,"PTFE/polyimide tape, 600 V",silver-coated copper,0-9 + up to 3 stripes,false,seed
