shell_size,A_max,HH_max,HH_min,NN,PP_max,thread_diameter,thread_pitch,unit,source,page
9,7.59,10.57,10.42,12,8.80,12,1.0,mm,MIL-DTL-38999N Figure 10,123
11,10.85,13.56,13.41,16,12.07,15,1.0,mm,MIL-DTL-38999N Figure 10,123
13,13.74,16.58,16.43,20,14.96,18,1.0,mm,MIL-DTL-38999N Figure 10,123
15,16.92,20.57,20.42,24,18.14,22,1.0,mm,MIL-DTL-38999N Figure 10,123
17,20.09,23.57,23.42,28,21.31,25,1.0,mm,MIL-DTL-38999N Figure 10,123
19,22.78,26.57,26.42,32,24.00,28,1.0,mm,MIL-DTL-38999N Figure 10,123
21,25.96,29.57,29.42,36,27.18,31,1.0,mm,MIL-DTL-38999N Figure 10,123
23,29.13,32.56,32.41,40,30.35,34,1.0,mm,MIL-DTL-38999N Figure 10,123
25,32.31,35.56,35.41,44,33.53,37,1.0,mm,MIL-DTL-38999N Figure 10,123
