shell_size,nominal_diameter,pitch,lead,starts,external_allowance,external_major_min,external_major_max,external_pitch_min,external_pitch_max,external_minor_min,external_minor_max,internal_minor_min,internal_minor_max,internal_pitch_min,internal_pitch_max,internal_major_min,internal_major_max,unit,source,pages
9,0.6250,0.1,0.3,3,0.0015,0.6155,0.6235,0.5895,0.5975,0.5535,0.5675,0.5792,0.5892,0.5990,0.6090,0.6290,0.6450,in,MIL-DTL-38999N Figure 3 BB and DD,91-92
11,0.7500,0.1,0.3,3,0.0015,0.7405,0.7485,0.7145,0.7225,0.6785,0.6925,0.7042,0.7142,0.7240,0.7340,0.7540,0.7700,in,MIL-DTL-38999N Figure 3 BB and DD,91-92
13,0.8750,0.1,0.3,3,0.0015,0.8655,0.8735,0.8395,0.8475,0.8035,0.8175,0.8292,0.8392,0.8490,0.8590,0.8790,0.8950,in,MIL-DTL-38999N Figure 3 BB and DD,91-92
15,1.0000,0.1,0.3,3,0.0015,0.9905,0.9985,0.9645,0.9725,0.9285,0.9425,0.9542,0.9642,0.9740,0.9840,1.0040,1.0200,in,MIL-DTL-38999N Figure 3 BB and DD,91-92
17,1.1875,0.1,0.3,3,0.0020,1.1735,1.1855,1.1415,1.1515,1.0955,1.1135,1.1274,1.1394,1.1535,1.1655,1.1915,1.2115,in,MIL-DTL-38999N Figure 3 BB and DD,91-92
19,1.2500,0.1,0.3,3,0.0020,1.2360,1.2480,1.2040,1.2140,1.1580,1.1760,1.1900,1.2020,1.2160,1.2280,1.2540,1.2740,in,MIL-DTL-38999N Figure 3 BB and DD,91-92
21,1.3750,0.1,0.3,3,0.0020,1.3610,1.3730,1.3290,1.3390,1.2830,1.3010,1.3150,1.3270,1.3410,1.3530,1.3790,1.3990,in,MIL-DTL-38999N Figure 3 BB and DD,91-92
23,1.5000,0.1,0.3,3,0.0020,1.4860,1.4980,1.4540,1.4640,1.4080,1.4260,1.4400,1.4520,1.4660,1.4780,1.5040,1.5240,in,MIL-DTL-38999N Figure 3 BB and DD,91-92
25,1.6250,0.1,0.3,3,0.0020,1.6110,1.6230,1.5790,1.5890,1.5330,1.5510,1.5650,1.5770,1.5910,1.6030,1.6290,1.6490,in,MIL-DTL-38999N Figure 3 BB and DD,91-92
