arrangement,pdf_page,coordinate_rows_extracted,status,note
9-3,20,3,unreviewed,Series applicability and mixed contact sizes require review
9-6,21,6,unreviewed,Series applicability and mixed contact sizes require review
9-7,22,2,unreviewed,Series applicability and mixed contact sizes require review
9-23,23,9,unreviewed,Series applicability and mixed contact sizes require review
9-35,24,6,unreviewed,Series applicability and mixed contact sizes require review
9-44,25,4,unreviewed,Series applicability and mixed contact sizes require review
9-98,26,3,unreviewed,Series applicability and mixed contact sizes require review
11-2,27,2,unreviewed,Series applicability and mixed contact sizes require review
11-4,28,4,unreviewed,Series applicability and mixed contact sizes require review
11-5,29,5,unreviewed,Series applicability and mixed contact sizes require review
11-13,30,13,unreviewed,Series applicability and mixed contact sizes require review
11-23,31,19,unreviewed,Series applicability and mixed contact sizes require review
11-35,32,13,unreviewed,Series applicability and mixed contact sizes require review
11-98,33,6,unreviewed,Series applicability and mixed contact sizes require review
11-99,34,7,unreviewed,Series applicability and mixed contact sizes require review
13-4,35,4,unreviewed,Series applicability and mixed contact sizes require review
13-8,36,8,unreviewed,Series applicability and mixed contact sizes require review
13-22,37,22,unreviewed,Series applicability and mixed contact sizes require review
13-23,39,32,unreviewed,Series applicability and mixed contact sizes require review
13-35,40,22,unreviewed,Series applicability and mixed contact sizes require review
13-98,41,10,unreviewed,Series applicability and mixed contact sizes require review
15-5,42,5,unreviewed,Series applicability and mixed contact sizes require review
15-15,43,15,unreviewed,Series applicability and mixed contact sizes require review
15-18,44,18,unreviewed,Series applicability and mixed contact sizes require review
15-19,45,19,unreviewed,Series applicability and mixed contact sizes require review
15-21,46,21,unreviewed,Series applicability and mixed contact sizes require review
15-23,48,22,unreviewed,Series applicability and mixed contact sizes require review
15-23,49,33,unreviewed,Series applicability and mixed contact sizes require review
15-35,50,30,unreviewed,Series applicability and mixed contact sizes require review
15-35,51,7,unreviewed,Series applicability and mixed contact sizes require review
15-37,52,30,unreviewed,Series applicability and mixed contact sizes require review
15-37,53,7,unreviewed,Series applicability and mixed contact sizes require review
15-97,54,12,unreviewed,Series applicability and mixed contact sizes require review
17-2,55,32,unreviewed,Series applicability and mixed contact sizes require review
17-2,56,7,unreviewed,Series applicability and mixed contact sizes require review
17-3,57,32,unreviewed,Series applicability and mixed contact sizes require review
17-3,58,7,unreviewed,Series applicability and mixed contact sizes require review
17-6,59,6,unreviewed,Series applicability and mixed contact sizes require review
17-8,60,8,unreviewed,Series applicability and mixed contact sizes require review
17-11,61,11,unreviewed,Series applicability and mixed contact sizes require review
17-23,62,20,unreviewed,Series applicability and mixed contact sizes require review
17-23,63,53,unreviewed,Series applicability and mixed contact sizes require review
17-26,64,26,unreviewed,Series applicability and mixed contact sizes require review
17-35,65,36,unreviewed,Series applicability and mixed contact sizes require review
17-35,66,19,unreviewed,Series applicability and mixed contact sizes require review
17-55,67,36,unreviewed,Series applicability and mixed contact sizes require review
17-55,68,19,unreviewed,Series applicability and mixed contact sizes require review
17-99,69,23,unreviewed,Series applicability and mixed contact sizes require review
19-11,70,11,unreviewed,Series applicability and mixed contact sizes require review
19-18,71,18,unreviewed,Series applicability and mixed contact sizes require review
19-19,72,18,unreviewed,Series applicability and mixed contact sizes require review
19-23,73,16,unreviewed,Series applicability and mixed contact sizes require review
19-23,74,53,unreviewed,Series applicability and mixed contact sizes require review
19-23,75,18,unreviewed,Series applicability and mixed contact sizes require review
19-28,76,28,unreviewed,Series applicability and mixed contact sizes require review
19-30,77,30,unreviewed,Series applicability and mixed contact sizes require review
19-32,78,32,unreviewed,Series applicability and mixed contact sizes require review
19-35,79,34,unreviewed,Series applicability and mixed contact sizes require review
19-35,80,32,unreviewed,Series applicability and mixed contact sizes require review
19-45,81,34,unreviewed,Series applicability and mixed contact sizes require review
19-45,82,33,unreviewed,Series applicability and mixed contact sizes require review
19-66,83,34,unreviewed,Series applicability and mixed contact sizes require review
19-66,84,32,unreviewed,Series applicability and mixed contact sizes require review
19-67,85,34,unreviewed,Series applicability and mixed contact sizes require review
19-67,86,33,unreviewed,Series applicability and mixed contact sizes require review
21-1,87,36,unreviewed,Series applicability and mixed contact sizes require review
21-1,88,43,unreviewed,Series applicability and mixed contact sizes require review
21-11,89,11,unreviewed,Series applicability and mixed contact sizes require review
21-16,90,16,unreviewed,Series applicability and mixed contact sizes require review
21-23,91,12,unreviewed,Series applicability and mixed contact sizes require review
21-23,92,60,unreviewed,Series applicability and mixed contact sizes require review
21-23,93,49,unreviewed,Series applicability and mixed contact sizes require review
21-24,94,24,unreviewed,Series applicability and mixed contact sizes require review
21-25,95,25,unreviewed,Series applicability and mixed contact sizes require review
21-27,96,27,unreviewed,Series applicability and mixed contact sizes require review
21-29,97,26,unreviewed,Series applicability and mixed contact sizes require review
21-35,99,34,unreviewed,Series applicability and mixed contact sizes require review
21-35,100,45,unreviewed,Series applicability and mixed contact sizes require review
21-39,101,30,unreviewed,Series applicability and mixed contact sizes require review
21-39,102,9,unreviewed,Series applicability and mixed contact sizes require review
21-41,104,41,unreviewed,Series applicability and mixed contact sizes require review
21-75,105,4,unreviewed,Series applicability and mixed contact sizes require review
21-76,106,4,unreviewed,Series applicability and mixed contact sizes require review
23-1,107,34,unreviewed,Series applicability and mixed contact sizes require review
23-1,108,58,unreviewed,Series applicability and mixed contact sizes require review
23-1,109,8,unreviewed,Series applicability and mixed contact sizes require review
23-2,110,34,unreviewed,Series applicability and mixed contact sizes require review
23-2,111,51,unreviewed,Series applicability and mixed contact sizes require review
23-21,112,21,unreviewed,Series applicability and mixed contact sizes require review
23-23,113,18,unreviewed,Series applicability and mixed contact sizes require review
23-23,114,62,unreviewed,Series applicability and mixed contact sizes require review
23-23,115,60,unreviewed,Series applicability and mixed contact sizes require review
23-23,116,11,unreviewed,Series applicability and mixed contact sizes require review
23-32,117,32,unreviewed,Series applicability and mixed contact sizes require review
23-34,118,34,unreviewed,Series applicability and mixed contact sizes require review
23-35,119,36,unreviewed,Series applicability and mixed contact sizes require review
23-35,120,56,unreviewed,Series applicability and mixed contact sizes require review
23-35,121,8,unreviewed,Series applicability and mixed contact sizes require review
23-36,122,28,unreviewed,Series applicability and mixed contact sizes require review
23-36,123,8,unreviewed,Series applicability and mixed contact sizes require review
23-53,124,37,unreviewed,Series applicability and mixed contact sizes require review
23-53,125,8,unreviewed,Series applicability and mixed contact sizes require review
23-55,126,38,unreviewed,Series applicability and mixed contact sizes require review
23-55,127,9,unreviewed,Series applicability and mixed contact sizes require review
23-97,128,16,unreviewed,Series applicability and mixed contact sizes require review
23-99,129,11,unreviewed,Series applicability and mixed contact sizes require review
25-1,130,32,unreviewed,Series applicability and mixed contact sizes require review
25-1,131,66,unreviewed,Series applicability and mixed contact sizes require review
25-1,132,30,unreviewed,Series applicability and mixed contact sizes require review
25-2,133,32,unreviewed,Series applicability and mixed contact sizes require review
25-2,134,58,unreviewed,Series applicability and mixed contact sizes require review
25-2,135,10,unreviewed,Series applicability and mixed contact sizes require review
25-4,136,37,unreviewed,Series applicability and mixed contact sizes require review
25-4,137,8,unreviewed,Series applicability and mixed contact sizes require review
25-7,138,28,unreviewed,Series applicability and mixed contact sizes require review
25-7,139,56,unreviewed,Series applicability and mixed contact sizes require review
25-7,140,15,unreviewed,Series applicability and mixed contact sizes require review
25-8,141,8,unreviewed,Series applicability and mixed contact sizes require review
25-9,142,28,unreviewed,Series applicability and mixed contact sizes require review
25-9,143,56,unreviewed,Series applicability and mixed contact sizes require review
25-9,144,15,unreviewed,Series applicability and mixed contact sizes require review
25-10,145,8,unreviewed,Series applicability and mixed contact sizes require review
25-11,146,11,unreviewed,Series applicability and mixed contact sizes require review
25-19,147,19,unreviewed,Series applicability and mixed contact sizes require review
25-20,148,24,unreviewed,Series applicability and mixed contact sizes require review
25-20,149,6,unreviewed,Series applicability and mixed contact sizes require review
25-21,150,24,unreviewed,Series applicability and mixed contact sizes require review
25-21,151,6,unreviewed,Series applicability and mixed contact sizes require review
25-23,152,6,unreviewed,Series applicability and mixed contact sizes require review
25-23,153,54,unreviewed,Series applicability and mixed contact sizes require review
25-23,154,58,unreviewed,Series applicability and mixed contact sizes require review
25-23,155,60,unreviewed,Series applicability and mixed contact sizes require review
25-23,156,9,unreviewed,Series applicability and mixed contact sizes require review
25-24,157,24,unreviewed,Series applicability and mixed contact sizes require review
25-29,158,29,unreviewed,Series applicability and mixed contact sizes require review
25-35,159,34,unreviewed,Series applicability and mixed contact sizes require review
25-35,160,66,unreviewed,Series applicability and mixed contact sizes require review
25-35,161,28,unreviewed,Series applicability and mixed contact sizes require review
25-37,162,30,unreviewed,Series applicability and mixed contact sizes require review
25-37,163,7,unreviewed,Series applicability and mixed contact sizes require review
25-43,164,36,unreviewed,Series applicability and mixed contact sizes require review
25-43,165,7,unreviewed,Series applicability and mixed contact sizes require review
25-46,166,28,unreviewed,Series applicability and mixed contact sizes require review
25-46,167,17,unreviewed,Series applicability and mixed contact sizes require review
25-47,168,28,unreviewed,Series applicability and mixed contact sizes require review
25-47,169,17,unreviewed,Series applicability and mixed contact sizes require review
25-61,170,34,unreviewed,Series applicability and mixed contact sizes require review
25-61,171,13,unreviewed,Series applicability and mixed contact sizes require review
25-90,172,36,unreviewed,Series applicability and mixed contact sizes require review
25-90,173,9,unreviewed,Series applicability and mixed contact sizes require review
25-91,174,36,unreviewed,Series applicability and mixed contact sizes require review
25-91,175,9,unreviewed,Series applicability and mixed contact sizes require review
8-3,176,3,unreviewed,Series applicability and mixed contact sizes require review
8-6,177,6,unreviewed,Series applicability and mixed contact sizes require review
8-35,178,6,unreviewed,Series applicability and mixed contact sizes require review
8-44,179,4,unreviewed,Series applicability and mixed contact sizes require review
8-98,180,3,unreviewed,Series applicability and mixed contact sizes require review
10-5,181,5,unreviewed,Series applicability and mixed contact sizes require review
10-13,182,13,unreviewed,Series applicability and mixed contact sizes require review
10-35,183,13,unreviewed,Series applicability and mixed contact sizes require review
10-98,184,6,unreviewed,Series applicability and mixed contact sizes require review
10-99,185,7,unreviewed,Series applicability and mixed contact sizes require review
12-3,186,3,unreviewed,Series applicability and mixed contact sizes require review
12-4,187,4,unreviewed,Series applicability and mixed contact sizes require review
12-8,188,8,unreviewed,Series applicability and mixed contact sizes require review
12-22,189,22,unreviewed,Series applicability and mixed contact sizes require review
12-35,190,22,unreviewed,Series applicability and mixed contact sizes require review
12-98,191,10,unreviewed,Series applicability and mixed contact sizes require review
14-5,192,5,unreviewed,Series applicability and mixed contact sizes require review
14-15,193,15,unreviewed,Series applicability and mixed contact sizes require review
14-18,194,18,unreviewed,Series applicability and mixed contact sizes require review
14-35,195,37,unreviewed,Series applicability and mixed contact sizes require review
14-37,196,37,unreviewed,Series applicability and mixed contact sizes require review
14-97,197,12,unreviewed,Series applicability and mixed contact sizes require review
16-8,199,8,unreviewed,Series applicability and mixed contact sizes require review
16-26,200,26,unreviewed,Series applicability and mixed contact sizes require review
16-35,201,30,unreviewed,Series applicability and mixed contact sizes require review
16-35,202,25,unreviewed,Series applicability and mixed contact sizes require review
16-42,203,36,unreviewed,Series applicability and mixed contact sizes require review
16-42,204,6,unreviewed,Series applicability and mixed contact sizes require review
16-55,205,22,unreviewed,Series applicability and mixed contact sizes require review
16-55,206,33,unreviewed,Series applicability and mixed contact sizes require review
16-99,207,23,unreviewed,Series applicability and mixed contact sizes require review
18-11,208,11,unreviewed,Series applicability and mixed contact sizes require review
18-28,209,22,unreviewed,Series applicability and mixed contact sizes require review
18-28,210,6,unreviewed,Series applicability and mixed contact sizes require review
18-30,211,24,unreviewed,Series applicability and mixed contact sizes require review
18-30,212,6,unreviewed,Series applicability and mixed contact sizes require review
18-32,213,26,unreviewed,Series applicability and mixed contact sizes require review
18-32,214,6,unreviewed,Series applicability and mixed contact sizes require review
18-35,215,30,unreviewed,Series applicability and mixed contact sizes require review
18-35,216,36,unreviewed,Series applicability and mixed contact sizes require review
18-45,217,32,unreviewed,Series applicability and mixed contact sizes require review
18-45,218,35,unreviewed,Series applicability and mixed contact sizes require review
18-53,219,32,unreviewed,Series applicability and mixed contact sizes require review
18-53,220,21,unreviewed,Series applicability and mixed contact sizes require review
18-66,221,32,unreviewed,Series applicability and mixed contact sizes require review
18-66,222,34,unreviewed,Series applicability and mixed contact sizes require review
18-67,223,30,unreviewed,Series applicability and mixed contact sizes require review
18-67,224,37,unreviewed,Series applicability and mixed contact sizes require review
18-96,225,9,unreviewed,Series applicability and mixed contact sizes require review
20-1,226,30,unreviewed,Series applicability and mixed contact sizes require review
20-1,227,49,unreviewed,Series applicability and mixed contact sizes require review
20-2,228,38,unreviewed,Series applicability and mixed contact sizes require review
20-2,229,27,unreviewed,Series applicability and mixed contact sizes require review
20-16,230,16,unreviewed,Series applicability and mixed contact sizes require review
20-24,231,24,unreviewed,Series applicability and mixed contact sizes require review
20-25,232,25,unreviewed,Series applicability and mixed contact sizes require review
20-27,233,27,unreviewed,Series applicability and mixed contact sizes require review
20-35,234,32,unreviewed,Series applicability and mixed contact sizes require review
20-35,235,47,unreviewed,Series applicability and mixed contact sizes require review
20-39,236,30,unreviewed,Series applicability and mixed contact sizes require review
20-39,237,9,unreviewed,Series applicability and mixed contact sizes require review
22-1,239,34,unreviewed,Series applicability and mixed contact sizes require review
22-1,240,60,unreviewed,Series applicability and mixed contact sizes require review
22-1,241,6,unreviewed,Series applicability and mixed contact sizes require review
22-2,242,28,unreviewed,Series applicability and mixed contact sizes require review
22-2,243,57,unreviewed,Series applicability and mixed contact sizes require review
22-21,244,21,unreviewed,Series applicability and mixed contact sizes require review
22-32,245,32,unreviewed,Series applicability and mixed contact sizes require review
22-34,246,28,unreviewed,Series applicability and mixed contact sizes require review
22-34,247,6,unreviewed,Series applicability and mixed contact sizes require review
22-35,248,32,unreviewed,Series applicability and mixed contact sizes require review
22-35,249,62,unreviewed,Series applicability and mixed contact sizes require review
22-35,250,6,unreviewed,Series applicability and mixed contact sizes require review
22-36,251,30,unreviewed,Series applicability and mixed contact sizes require review
22-36,252,6,unreviewed,Series applicability and mixed contact sizes require review
22-53,253,32,unreviewed,Series applicability and mixed contact sizes require review
22-53,254,13,unreviewed,Series applicability and mixed contact sizes require review
22-55,255,36,unreviewed,Series applicability and mixed contact sizes require review
22-55,256,11,unreviewed,Series applicability and mixed contact sizes require review
22-97,257,16,unreviewed,Series applicability and mixed contact sizes require review
22-99,258,11,unreviewed,Series applicability and mixed contact sizes require review
24-1,259,32,unreviewed,Series applicability and mixed contact sizes require review
24-1,260,68,unreviewed,Series applicability and mixed contact sizes require review
24-1,261,28,unreviewed,Series applicability and mixed contact sizes require review
24-2,262,28,unreviewed,Series applicability and mixed contact sizes require review
24-2,263,60,unreviewed,Series applicability and mixed contact sizes require review
24-2,264,12,unreviewed,Series applicability and mixed contact sizes require review
24-4,265,36,unreviewed,Series applicability and mixed contact sizes require review
24-4,266,9,unreviewed,Series applicability and mixed contact sizes require review
24-19,267,19,unreviewed,Series applicability and mixed contact sizes require review
24-24,268,24,unreviewed,Series applicability and mixed contact sizes require review
24-29,269,29,unreviewed,Series applicability and mixed contact sizes require review
24-35,270,34,unreviewed,Series applicability and mixed contact sizes require review
24-35,271,72,unreviewed,Series applicability and mixed contact sizes require review
24-35,272,22,unreviewed,Series applicability and mixed contact sizes require review
24-61,273,33,unreviewed,Series applicability and mixed contact sizes require review
24-61,274,14,unreviewed,Series applicability and mixed contact sizes require review
