diameter,pitch,major_min,major_max,pitch_min,pitch_max,minor_min,minor_max,root_radius,unit,source,page
12,1,11.794,11.974,11.206,11.324,10.557,10.747,0.100,mm,MIL-DTL-38999N Figure 10,124
15,1,14.794,14.974,14.206,14.324,13.557,13.747,0.100,mm,MIL-DTL-38999N Figure 10,124
17,1,16.794,16.974,16.206,16.324,15.557,15.747,0.100,mm,MIL-DTL-38999N Figure 10,124
18,1,17.794,17.974,17.206,17.324,16.557,16.747,0.100,mm,MIL-DTL-38999N Figure 10,124
20,1,19.794,19.974,19.206,19.324,18.557,18.747,0.100,mm,MIL-DTL-38999N Figure 10,124
22,1,21.794,21.974,21.206,21.324,20.557,20.747,0.100,mm,MIL-DTL-38999N Figure 10,124
25,1,24.794,24.974,24.199,24.324,23.550,23.747,0.100,mm,MIL-DTL-38999N Figure 10,124
28,1,27.794,27.974,27.199,27.324,26.550,26.747,0.100,mm,MIL-DTL-38999N Figure 10,124
31,1,30.794,30.974,30.199,30.324,29.550,29.747,0.100,mm,MIL-DTL-38999N Figure 10,124
32,1,31.794,31.974,31.199,31.324,30.550,30.747,0.100,mm,MIL-DTL-38999N Figure 10,124
34,1,33.794,33.974,33.199,33.324,32.550,32.747,0.100,mm,MIL-DTL-38999N Figure 10,124
35,1,34.794,34.974,34.199,34.324,33.550,33.747,0.100,mm,MIL-DTL-38999N Figure 10,124
37,1,36.794,36.974,36.199,36.324,35.550,35.747,0.100,mm,MIL-DTL-38999N Figure 10,124
38,1,37.794,37.974,37.199,37.324,36.550,36.747,0.100,mm,MIL-DTL-38999N Figure 10,124
41,1,40.794,40.974,40.199,40.324,39.550,39.747,0.100,mm,MIL-DTL-38999N Figure 10,124
44,1,43.794,43.974,43.199,43.324,42.550,42.747,0.100,mm,MIL-DTL-38999N Figure 10,124
47,1,46.794,46.974,46.199,46.324,45.550,45.747,0.100,mm,MIL-DTL-38999N Figure 10,124
