shell_sizes,position,A_deg,B_deg,C_deg,D_deg,source,page
9,N,105,140,215,265,MIL-DTL-38999N Figure 6,103
9,A,102,132,248,320,MIL-DTL-38999N Figure 6,103
9,B,80,118,230,312,MIL-DTL-38999N Figure 6,103
9,C,35,140,205,275,MIL-DTL-38999N Figure 6,103
9,D,64,155,234,304,MIL-DTL-38999N Figure 6,103
9,E,91,131,197,240,MIL-DTL-38999N Figure 6,103
11;13;15,N,95,141,208,236,MIL-DTL-38999N Figure 6,103
11;13;15,A,113,156,182,292,MIL-DTL-38999N Figure 6,103
11;13;15,B,90,145,195,252,MIL-DTL-38999N Figure 6,103
11;13;15,C,53,156,220,255,MIL-DTL-38999N Figure 6,103
11;13;15,D,119,146,176,298,MIL-DTL-38999N Figure 6,103
11;13;15,E,51,141,184,242,MIL-DTL-38999N Figure 6,103
17;19;21;23;25,N,80,142,196,293,MIL-DTL-38999N Figure 6,103
17;19;21;23;25,A,135,170,200,310,MIL-DTL-38999N Figure 6,103
17;19;21;23;25,B,49,169,200,244,MIL-DTL-38999N Figure 6,103
17;19;21;23;25,C,66,140,200,257,MIL-DTL-38999N Figure 6,103
17;19;21;23;25,D,62,145,180,280,MIL-DTL-38999N Figure 6,103
17;19;21;23;25,E,79,153,197,272,MIL-DTL-38999N Figure 6,103
