shell_size,E_max,F_min,F_max,FF_min,G_nom,H_min,H_max,H_composite_max,J_min,J_max,J_composite_max,K_max,R_max,T_nom,U_min,U_max,U_prime_min,V_min,V_max,W_min,W_max,W_composite_min,W_prime_min,X_min,unit,source,pages
9,14.55,14.14,14.42,11.48,7.24,11.20,11.36,11.43,12.34,12.63,12.70,11.84,15.88,16.51,9.55,9.96,8.51,11.99,12.27,10.97,11.13,10.85,10.59,7.92,mm,MIL-DTL-38999N Figure 3,88-90
11,17.73,17.32,17.60,14.73,10.49,14.45,14.61,14.68,15.60,15.88,15.95,15.01,19.05,19.69,12.61,13.19,11.74,15.24,15.52,14.22,14.38,14.10,13.84,10.92,mm,MIL-DTL-38999N Figure 3,88-90
13,20.90,20.49,20.77,17.58,13.39,17.30,17.45,17.52,19.38,19.66,19.73,19.08,22.23,22.86,15.45,16.08,14.63,19.02,19.31,17.07,17.22,16.95,16.68,13.81,mm,MIL-DTL-38999N Figure 3,88-90
15,24.08,23.67,23.95,20.75,16.56,20.44,20.63,20.70,22.56,22.84,22.91,22.25,25.40,26.04,18.63,19.26,17.81,22.20,22.48,20.24,20.40,20.12,19.86,16.99,mm,MIL-DTL-38999N Figure 3,88-90
17,28.52,27.97,28.30,23.92,19.74,23.64,23.80,23.87,25.73,26.01,26.08,25.43,30.16,30.89,21.80,22.43,20.98,25.37,25.66,23.42,23.57,23.30,23.03,20.16,mm,MIL-DTL-38999N Figure 3,88-90
19,30.12,29.56,29.89,26.59,22.00,26.31,26.47,26.54,28.40,28.63,28.70,28.60,31.75,32.49,24.47,24.82,23.57,28.04,28.32,26.09,26.24,25.97,25.70,22.42,mm,MIL-DTL-38999N Figure 3,88-90
21,33.30,32.74,33.07,29.77,25.17,29.49,29.64,29.71,31.57,31.85,31.92,31.78,34.73,35.66,27.64,27.99,26.74,31.22,31.50,29.26,29.42,29.14,28.87,25.60,mm,MIL-DTL-38999N Figure 3,88-90
23,36.47,35.91,36.24,32.94,28.35,32.66,32.82,32.89,34.75,35.03,35.10,34.95,38.10,38.84,30.82,31.17,29.92,34.39,34.67,32.44,32.59,32.32,32.05,28.77,mm,MIL-DTL-38999N Figure 3,88-90
25,39.65,39.02,39.42,36.12,31.52,35.84,35.99,36.06,37.92,38.20,38.27,38.13,41.28,42.01,33.99,34.34,33.09,37.57,37.85,35.61,35.77,35.49,35.22,31.92,mm,MIL-DTL-38999N Figure 3,88-90
