shell_size,B_min,B_max,B_composite_max,H_ribs_max,K_max,S_max,Z_max,Z_composite_max,unit,source,page
9,18.4,18.6,20.6,12,19.0,21.8,31.0,31.5,mm,MIL-DTL-38999-26G Amendment 4 Figure 1,2
11,21.1,21.3,23.6,14,21.9,25.0,31.0,31.5,mm,MIL-DTL-38999-26G Amendment 4 Figure 1,2
13,25.4,25.6,28.2,16,26.1,29.4,31.0,31.5,mm,MIL-DTL-38999-26G Amendment 4 Figure 1,2
15,28.7,28.9,31.3,18,29.3,32.5,31.0,31.5,mm,MIL-DTL-38999-26G Amendment 4 Figure 1,2
17,32.2,32.4,34.5,20,32.8,35.7,31.0,31.5,mm,MIL-DTL-38999-26G Amendment 4 Figure 1,2
19,34.9,35.1,37.3,22,35.5,38.5,31.0,31.5,mm,MIL-DTL-38999-26G Amendment 4 Figure 1,2
21,38.1,38.3,40.5,24,38.7,41.7,31.0,31.5,mm,MIL-DTL-38999-26G Amendment 4 Figure 1,2
23,41.1,41.3,43.7,26,41.7,44.9,31.0,31.5,mm,MIL-DTL-38999-26G Amendment 4 Figure 1,2
25,44.3,44.5,46.8,28,44.9,48.0,31.0,31.5,mm,MIL-DTL-38999-26G Amendment 4 Figure 1,2
