file,pages,sha256,title,notice_only
MIL-DTL-38999N.pdf,158,3b79abb24652c74db5ff1d44846e75a175c44a2a79744297a10973f328576f41," CONNECTORS, ELECTRICAL, CIRCULAR, MINIATURE, HIGH DENSITY, QUICK DISCONNECT (BAYONET, THREADED OR BREECH COUPLING), ENVIRONMENT RESISTANT WITH CRIMP REMOVABLE CONTACTS OR HERMETICALLY SEALED WITH FIXED, SOLDERABLE CONTACTS, GENERAL SPECIFICATION FOR ",False
MIL-STD-1560C.pdf,275,64a43a8fb5dad1f6825ef0c1dcaa6e794ec260a895ae0434a0ca3de37261e258,"AMSC N/A FSC 5935 MIL-STD-1560C w/CHANGE 3 3 February 2021 SUPERSEDING MIL-STD-1560C w/CHANGE 2 6 December 2018 DEPARTMENT OF DEFENSE INTERFACE STANDARD INSERT ARRANGEMENTS FOR MIL-DTL-38999, MIL-DTL-27599, AND SAE-AS29600 SERIES A ELECTRICAL CIRCULAR CONNECTORS INCH-POUND Source: https://assist.dla.mil -- Downloaded: 2026-09-26T18:09Z Check the source to verify that this is the current version before use.",False
research/specs/MIL-DTL-38999-10.pdf,4,bb2cfc88550da477e546d4b914fc87f8cd0889200617fcc33978736c5bfb47af,"CONNECTORS, ELECTRICAL, CIRCULAR, RECEPTACLE, DUMMY STOWAGE, BAYONET COUPLING, (MIL-DTL-27599, SERIES II AND MIL-DTL-38999, SERIES II) ",False
research/specs/MIL-DTL-38999-20.pdf,4,50add16daf9f2cae4a18d728a718a4cea417a38cf6e863ac82f5d3413dde2b79,"CONNECTORS, ELECTRICAL, CIRCULAR, RECEPTACLE, THREADED, WALL MOUNTING FLANGE, REMOVABLE CRIMP CONTACTS, SERIES III, METRIC ",False
research/specs/MIL-DTL-38999-21.pdf,3,6cf817ad7d73d7a297e22d610f113b2ebbea97707b408a25604891ae08a167df,"CONNECTORS, ELECTRICAL, CIRCULAR, THREADED, RECEPTACLE, BOX MOUNTING FLANGE, HERMETIC, HERMETIC SOLDER CONTACTS, SERIES III, METRIC ",False
research/specs/MIL-DTL-38999-22.pdf,11,4460d6a53e605156f1e7fbdec988f302076e5e159e792b21e958a7a295b55b8e,"CONNECTORS, ELECTRICAL, CIRCULAR, RECEPTACLE, THREADED, DUMMY STOWAGE, SERIES III, METRIC ",False
research/specs/MIL-DTL-38999-23.pdf,6,8db24cd901acb484346ed732a1961f7c5fb38ea0e2b3cd344ec43d2f91d1ec38,"CONNECTORS, ELECTRICAL, CIRCULAR, THREADED, RECEPTACLE, JAM-NUT MOUNTING, HERMETIC, HERMETIC SOLDER CONTACTS, SERIES III, METRIC ",False
research/specs/MIL-DTL-38999-24.pdf,6,372b8847e9f00e0d0a1779be05586f218033ed114015354dca3ac74a0d0305f0,"CONNECTORS, ELECTRICAL, CIRCULAR, RECEPTACLE, THREADED, JAM-NUT MOUNTING, REMOVABLE CRIMP CONTACTS, SERIES III, METRIC ",False
research/specs/MIL-DTL-38999-25.pdf,3,a1a431b9fa8d416808f251f5c4c0ebbcb423b6de5ffd656116c3a6b57ecd23e8,"CONNECTOR, ELECTRICAL, CIRCULAR, THREADED, RECEPTACLE, SOLDER MOUNTING, HERMETIC, HERMETIC SOLDER CONTACTS, SERIES III, METRIC ",False
research/specs/MIL-DTL-38999-26.pdf,4,affa9d461c4b5e7d0270d097e7fc8f28f095668ee5e687590412d375a70abe89,"CONNECTORS, ELECTRICAL, PLUG, CIRCULAR, THREADED, STRAIGHT, REMOVABLE CRIMP CONTACTS, SERIES III, METRIC ",False
research/specs/MIL-DTL-38999-27.pdf,3,4b3e2f793b8d91006ad45c51e18873dfe6b6e9e10402cf36b4e5e64d04058fcf,"CONNECTORS, ELECTRICAL, CIRCULAR, THREADED, RECEPTACLE, WELD MOUNTING, HERMETIC, HERMETIC SOLDER CONTACTS, SERIES III, METRIC ",False
research/specs/MIL-DTL-38999-28.pdf,5,cbfc5626a83734a1099cb2790440f300fcb95bbb2454e939d51df57c100586d0,"CONNECTORS, ELECTRICAL, CIRCULAR, NUT, HEXAGON, CONNECTOR MOUNTING, SERIES III AND IV, METRIC ",False
research/specs/MIL-DTL-38999-29.pdf,5,fe96a87891fd014ad487c6b8075a146da8dcee5b8c9620a484b7985a69910e89,"CONNECTORS, ELECTRICAL, CIRCULAR, THREADED, PLUG, LANYARD RELEASE, FAIL-SAFE, REMOVABLE CRIMP CONTACTS, PINS, SERIES III, METRIC ",False
research/specs/MIL-DTL-38999-30.pdf,6,ea1e32cf01da7afa110b32f20839483c3fc383f0832e1122ce0d4e319d813e47,"CONNECTORS, ELECTRICAL, CIRCULAR, THREADED, PLUG, LANYARD RELEASE, FAIL-SAFE, REMOVABLE CRIMP CONTACTS, SOCKETS, SERIES III, METRIC ",False
research/specs/MIL-DTL-38999-31.pdf,10,b96b56bf8372050833ab788934d6f95f2f8b9044bce2b7f2595146188a407d53,"CONNECTORS, ELECTRICAL, CIRCULAR, THREADED, PLUG, LANYARD RELEASE, FAIL-SAFE, REMOVABLE CRIMP CONTACTS, PINS, SHELL SIZE 25, SERIES III, METRIC ",False
research/specs/MIL-DTL-38999-32.pdf,5,5c61f7f21b3895d74b0ad8bbeafa9bbba2f40566c1cd4e0baefe6ac6771a81e9,"CONNECTOR, ELECTRICAL CIRCULAR, COVER, PROTECTIVE, PLUG, SERIES III, METRIC ",False
research/specs/MIL-DTL-38999-33.pdf,6,2feab491e67c6b7082d26e1ffa8f8eeaec20466f849a359d3a82e0fe8e05ef4e,"CONNECTOR, ELECTRICAL CIRCULAR, COVER, PROTECTIVE, RECEPTACLE, SERIES III, METRIC ",False
research/specs/MIL-DTL-38999-34.pdf,6,81ef70c4deff0f629f728c5f63b492b311266284899297e7620a4551aae501e2,"CONNECTORS, RECEPTACLE, ELECTRICAL, CIRCULAR, BREAKAWAY, JAM-NUT MOUNTING, REMOVABLE CRIMP CONTACTS, SOCKETS, SERIES III, SHELL SIZE 25, METRIC ",False
research/specs/MIL-DTL-38999-35.pdf,4,a8f7410e0cbcb59716018fa962951c902c8b3f3b23704f1ec22afe02a575b00a,"CONNECTORS, RECEPTACLE, ELECTRICAL, CIRCULAR, BREAKAWAY, WALL MOUNTING FLANGE, REMOVABLE CRIMP CONTACTS, SOCKETS, SERIES III, SHELL SIZE 25, METRIC ",False
research/specs/MIL-DTL-38999-36.pdf,18,443f682ab2b0e18656309a5c7d18cbbb7bd385693779d6566eb91d1f922595e6,"CONNECTORS, ELECTRICAL, CIRCULAR, THREADED, PLUG, LANYARD RELEASE, FAIL-SAFE, REMOVABLE CRIMP CONTACTS, PINS, SHELL SIZE 25, SERIES III, METRIC ",False
research/specs/MIL-DTL-38999-40.pdf,1,e125de9430d6ec291ba21d226260c6d990563a29c7c313ecc10c141cf26953b9," Connectors, Electrical, Circular, Receptacle, Wall Mounting Flange, Breech Coupling, Removable Crimp Contacts, Series IV, Metric MIL-DTL-38999/40B, dated 10-Mar-2020, has been reviewed and determined to be valid for use in acquisition. Reviewer Activities: Army - AR, MI Navy - EC, MC Air Force - 19 Other DoD - NA NOTICE OF VALIDATION METRIC MIL-DTL-38999/40B NOTICE 2 18-Dec-2024 NOTE: The activities above were interested in this document as of the date of this document. Since organizations and responsibilities can change, you should verify the currency of the information above using the ASSIST Online database at https://assist.dla.mil. AMSC N/A FSC 5935 Custodians: Army - CR Navy - AS Air Force - 85 DLA - CC Preparing Activity: DLA - CC Source: https://assist.dla.mil -- Downloaded: 2026-09-26T18:42Z Check the source to verify that this is the current version before use.",True
research/specs/MIL-DTL-38999-41.pdf,4,717c6f2e1c48ab642c2edc0974ae198358b46f3ce605558b1055517c02f4fa11,"CONNECTORS, ELECTRICAL, CIRCULAR, RECEPTACLE, BOX MOUNTING FLANGE, HERMETIC, BREECH COUPLING, HERMETIC SOLDER CONTACTS, SERIES IV, METRIC ",False
research/specs/MIL-DTL-38999-42.pdf,1,22b8720d2cc88d3a1233227b0a45994c7be04a6eb619741323e2bede3a8fc371," Connectors, Electrical, Circular, Receptacle, Box Mounting Flange, Breech Coupling, Removable Crimp Contacts, Series IV, Metric MIL-DTL-38999/42B, dated 10-Mar-2020, has been reviewed and determined to be valid for use in acquisition. Reviewer Activities: Army - AR, MI Navy - EC, MC Air Force - 19 Other DoD - NA NOTICE OF VALIDATION METRIC MIL-DTL-38999/42B NOTICE 2 18-Dec-2024 NOTE: The activities above were interested in this document as of the date of this document. Since organizations and responsibilities can change, you should verify the currency of the information above using the ASSIST Online database at https://assist.dla.mil. AMSC N/A FSC 5935 Custodians: Army - CR Navy - AS Air Force - 85 DLA - CC Preparing Activity: DLA - CC Source: https://assist.dla.mil -- Downloaded: 2026-09-26T18:42Z Check the source to verify that this is the current version before use.",True
research/specs/MIL-DTL-38999-43.pdf,5,ca0d0147ac40aa38d3cf2fea495524220467b85708033ac558aac850906d17d2,"CONNECTORS, ELECTRICAL, CIRCULAR, RECEPTACLE, JAM NUT MOUNTING, HERMETIC, BREECH COUPLING, HERMETIC SOLDER CONTACTS, SERIES IV, METRIC ",False
research/specs/MIL-DTL-38999-44.pdf,5,112bdc306b0c09ef5277500db066c4aa51d3ed3667aa8a7fdb126a4c60c5a546,"CONNECTORS, ELECTRICAL, CIRCULAR, RECEPTACLE, JAM-NUT MOUNTING, BREECH COUPLING, REMOVABLE CRIMP CONTACTS, SERIES IV, METRIC ",False
research/specs/MIL-DTL-38999-45.pdf,4,986297add03fc58c5692bb36076cd00d6e35ec78ddd7df950a0601aa084b06b0,"CONNECTORS, ELECTRICAL, CIRCULAR, RECEPTACLE, SOLDER MOUNTING, HERMETIC, BREECH COUPLING, HERMETIC SOLDER CONTACTS, SERIES IV, METRIC ",False
research/specs/MIL-DTL-38999-46.pdf,1,243aded171bcb4ed07d5a8ca0e60dec57214032a37d0c829401e06945f02ed30," Connectors, Electrical, Circular, Plug, Breech Coupling, EMI Grounding, Removable Crimp Contacts, Series IV, Metric MIL-DTL-38999/46B, dated 10-Mar-2020, has been reviewed and determined to be valid for use in acquisition. Reviewer Activities: Army - AR, MI Navy - EC, MC Air Force - 19 NOTICE OF VALIDATION METRIC MIL-DTL-38999/46B NOTICE 3 18-Dec-2024 NOTE: The activities above were interested in this document as of the date of this document. Since organizations and responsibilities can change, you should verify the currency of the information above using the ASSIST Online database at https://assist.dla.mil. AMSC N/A FSC 5935 Custodians: Army - CR Navy - AS Air Force - 85 DLA - CC Preparing Activity: DLA - CC Source: https://assist.dla.mil -- Downloaded: 2026-09-26T18:43Z Check the source to verify that this is the current version before use.",True
research/specs/MIL-DTL-38999-47.pdf,3,5a5409a0281f29ad0bd1eb871ae05a34ecd643e779d450f9af848391d612b7c7,"CONNECTORS, ELECTRICAL, CIRCULAR, PLUG, BREECH COUPLING, REMOVABLE CRIMP CONTACTS, SERIES IV, METRIC ",False
research/specs/MIL-DTL-38999-48.pdf,4,07266fbc6e7e6a7841c3495fdedc9ae93186633f89fd9dda458c6d6de2e31b67,"CONNECTORS, ELECTRICAL, CIRCULAR, RECEPTACLE, WELD MOUNTING, HERMETIC, BREECH COUPLING, HERMETIC SOLDER CONTACTS, SERIES IV, METRIC ",False
research/specs/MIL-DTL-38999-49.pdf,4,83cd5200cce2dde57138031528b2762eecf8c3a6ec1d831b2bf7f1acf9404321,"CONNECTORS, ELECTRICAL, CIRCULAR, RECEPTACLE, IN-LINE CABLE, BREECH COUPLING, REMOVABLE CRIMP CONTACTS, SERIES IV, METRIC ",False
research/specs/MIL-DTL-38999-50.pdf,4,5403494e31dfc5d3fd21265ce9aa3dc2c1e67eceaacad2c50c1bc66fcfc6fdaf,"CONNECTORS, ELECTRICAL, CIRCULAR, RECEPTACLE, DUMMY STOWAGE, BREECH COUPLING, SERIES IV, METRIC ",False
research/specs/MIL-DTL-38999-51.pdf,8,56419524420f739fcbd72a1c38bfcb37fce3e22b691968a52ecf0f83cf09a3fd,"CONNECTOR, ELECTRICAL, CIRCULAR, COVER, PROTECTIVE, PLUG, MIL-DTL-38999 SERIES IV ",False
research/specs/MIL-DTL-38999-52.pdf,6,158d01d11ca0777973202118141d820a1a734701523f6dd1f630052e9a30b193,"CONNECTORS, ELECTRICAL, CIRCULAR, COVER, PROTECTIVE, RECEPTACLE, MIL-DTL-38999, SERIES IV ",False
research/specs/MIL-DTL-38999-60.pdf,5,1bc209b241ff6c3760cfac77a244226866394c74bb24462532d142d1a2c98a45,"CONNECTORS, ELECTRICAL, PLUG, CIRCULAR, THREADED, STRAIGHT, REMOVABLE CRIMP CONTACTS, FIBER OPTIC TERMINI, TIGHT TOLERANCE, SERIES III, SHELL SIZE 25, METRIC ",False
research/specs/MIL-DTL-38999-61.pdf,6,fab4ee3cf11a45df67461357c49de280613e42a3d42076f035cc7eb858e5c62e,"CONNECTORS, ELECTRICAL, CIRCULAR, RECEPTACLE, THREADED, WALL MOUNTING FLANGE, REMOVABLE CRIMP CONTACTS, FIBER OPTIC TERMINI, TIGHT TOLERANCE, SERIES III, SHELL SIZE 25, METRIC ",False
research/specs/MIL-DTL-38999-62.pdf,6,b5be121738a31bd2e97a7fbb6023d70aff7c48e35ef3e38008a043e67383d59e,"SEALING BOOT, SIZE 8, PIN OR SOCKET, SHIELDED CRIMP CONTACTS, ELECTRICAL CONNECTOR, CIRCULAR, METRIC ",False
research/specs/MIL-DTL-38999-9.pdf,5,aae0e800ac5789fe3c402fb66c1fffecaa981311d0b41b733cec0cf45b40c846,"CONNECTORS, ELECTRICAL, CIRCULAR, RECEPTACLE, DUMMY STOWAGE, BAYONET COUPLING, (MIL-DTL-27599 SERIES I AND MIL-DTL-38999 SERIES I) ",False
